{"actions":[],"apps":[{"acl":{"app":[],"field":[],"record":[]},"app":null,"category":{"categories":[],"useCategory":"false"},"form":{"layout":"[{\"id\":\"6293256\",\"type\":\"SUBTABLE\",\"isSubTable\":true,\"var\":\"Table\",\"label\":\"清单\",\"controlList\":[{\"isVirtical\":true,\"styleMap\":{\"width\":193},\"type\":\"SINGLE_LINE_TEXT\",\"var\":\"content\",\"label\":\"内容\"},{\"isVirtical\":true,\"styleMap\":{\"width\":193},\"type\":\"DECIMAL\",\"var\":\"quantity\",\"label\":\"数量\"},{\"isVirtical\":true,\"styleMap\":{\"width\":193},\"type\":\"SINGLE_LINE_TEXT\",\"var\":\"unit\",\"label\":\"单位\"},{\"isVirtical\":true,\"styleMap\":{\"width\":193},\"type\":\"DECIMAL\",\"var\":\"price\",\"label\":\"单价\"},{\"isVirtical\":true,\"styleMap\":{\"width\":193},\"type\":\"CALC\",\"var\":\"total\",\"label\":\"金额\"}]},{\"id\":null,\"type\":\"ROW\",\"isSubTable\":false,\"var\":null,\"label\":null,\"controlList\":[{\"isVirtical\":true,\"styleMap\":{\"width\":207},\"type\":\"FILE\",\"var\":\"Template\",\"label\":\"模版\"}]}]","revision":null},"iconMeta":null,"info":{"automaticallyChooseTitleComponent":"true","code":null,"decimalPrecision":"16","decimalScale":"4","description":"","enableBulkDeletion":"false","enableRecordReuse":"true","fiscalYearStartMonth":"4","iconKey":"APP39","iconType":"PRESET","jsFiles":null,"jsScope":"ALL","name":"to excel","roundingMode":"HALF_EVEN","theme":"PLAIN","titleComponentLocalId":null,"useComment":"true","useHistory":"true","useThumbnail":"true"},"jsFiles":[],"notification":{"appNotifications":[{"events":["RECORD_COMMENT_ADDED"],"target":{"entityId":"6293220","entityType":"FIELD_ENTITY","includeSubs":"false"}},{"events":["RECORD_COMMENT_ADDED"],"target":{"entityId":"6293221","entityType":"FIELD_ENTITY","includeSubs":"false"}}],"recordNotifications":[],"reminderTimezone":null,"reminders":[],"useComment":"true","useReminder":"false"},"plugins":[],"reports":[],"resource":{"tables":[{"rows":[{"fields":[],"objectId":"0","subObjectId":"-1"}],"type":"AppName"},{"rows":[{"fields":[],"objectId":"0","subObjectId":"-1"}],"type":"AppDescription"},{"rows":[{"fields":[],"objectId":"6293219","subObjectId":"-1"},{"fields":[],"objectId":"6293220","subObjectId":"-1"},{"fields":[],"objectId":"6293221","subObjectId":"-1"},{"fields":[],"objectId":"6293222","subObjectId":"-1"},{"fields":[],"objectId":"6293223","subObjectId":"-1"},{"fields":[],"objectId":"6293224","subObjectId":"-1"},{"fields":[],"objectId":"6293225","subObjectId":"-1"},{"fields":[],"objectId":"6293226","subObjectId":"-1"},{"fields":[],"objectId":"6293230","subObjectId":"-1"},{"fields":[],"objectId":"6293256","subObjectId":"-1"},{"fields":[],"objectId":"6293252","subObjectId":"-1"},{"fields":[],"objectId":"6293254","subObjectId":"-1"},{"fields":[],"objectId":"6293265","subObjectId":"-1"},{"fields":[],"objectId":"6293266","subObjectId":"-1"},{"fields":[],"objectId":"6293267","subObjectId":"-1"}],"type":"FieldLabel"},{"rows":[{"fields":[],"objectId":"20","subObjectId":"-1"}],"type":"ViewName"},{"rows":[],"type":"CategoryName"}]},"schema":{"groups":[],"revision":null,"subTable":{"6293256":{"fieldList":{"6293252":{"id":"6293252","label":"内容","properties":{"defaultValue":"","expression":"","hideExpression":"false","max":null,"min":null,"noLabel":"false","required":"false","unique":"false"},"type":"SINGLE_LINE_TEXT","var":"content"},"6293254":{"id":"6293254","label":"单位","properties":{"defaultValue":"","expression":"","hideExpression":"false","max":null,"min":null,"noLabel":"false","required":"false","unique":"false"},"type":"SINGLE_LINE_TEXT","var":"unit"},"6293265":{"id":"6293265","label":"数量","properties":{"defaultValue":null,"digit":"false","displayScale":null,"max":null,"min":null,"noLabel":"false","required":"false","roundingMode":null,"scale":null,"unique":"false","unit":"","unitPosition":"BEFORE"},"type":"DECIMAL","var":"quantity"},"6293266":{"id":"6293266","label":"单价","properties":{"defaultValue":null,"digit":"false","displayScale":null,"max":null,"min":null,"noLabel":"false","required":"false","roundingMode":null,"scale":null,"unique":"false","unit":"","unitPosition":"BEFORE"},"type":"DECIMAL","var":"price"},"6293267":{"id":"6293267","label":"金额","properties":{"displayScale":null,"expression":"price * quantity","format":"NUMBER","hideExpression":"false","noLabel":"false","required":"false","roundingMode":null,"scale":null,"unit":"","unitPosition":"BEFORE"},"type":"CALC","var":"total"}},"id":"6293256","label":"清单","properties":{"noLabel":"false"},"var":"Table"}},"table":{"fieldList":{"6293219":{"id":"6293219","label":"记录编号","properties":{"noLabel":"false","required":"true"},"type":"RECORD_ID","var":"记录编号"},"6293220":{"id":"6293220","label":"更新人","properties":{"noLabel":"false","required":"true"},"type":"MODIFIER","var":"更新人"},"6293221":{"id":"6293221","label":"创建人","properties":{"noLabel":"false","required":"true"},"type":"CREATOR","var":"创建人"},"6293222":{"id":"6293222","label":"更新时间","properties":{"noLabel":"false","required":"true"},"type":"MODIFIED_AT","var":"更新时间"},"6293223":{"id":"6293223","label":"创建时间","properties":{"noLabel":"false","required":"true"},"type":"CREATED_AT","var":"创建时间"},"6293224":{"id":"6293224","label":"状态","properties":{"noLabel":"false","required":"false"},"type":"STATUS","var":"状态"},"6293225":{"id":"6293225","label":"执行者","properties":{"noLabel":"false","required":"false"},"type":"STATUS_ASSIGNEE","var":"执行者"},"6293226":{"id":"6293226","label":"类别","properties":{"noLabel":"false","required":"false"},"type":"CATEGORY","var":"类别"},"6293230":{"id":"6293230","label":"模版","properties":{"noLabel":"false","required":"false","thumbnailSize":"150"},"type":"FILE","var":"Template"}},"id":"1","label":"__ROOT__","properties":null,"var":"__ROOT__"}},"settingsNotesForm":{"content":null,"willBeInherited":null},"status":{"actions":[],"filters":[],"initialStateId":null,"states":[],"useStatus":"false"},"uuid":"584b626d-4119-4ace-9a7a-6a93f0a184a2","views":[{"advancedMode":null,"builtinType":"ALL","device":null,"fields":[{"row":[{"columnWidth":null,"id":"6293219"},{"columnWidth":null,"id":"6293230"}]}],"filter":{"category":null,"offset":null,"order":[],"q":null,"size":null,"sort":[]},"html":null,"keyFieldId":null,"name":"（全部）","pager":null,"revision":null,"titleFieldId":null,"view":"20","viewType":"LIST"}]}],"description":"","iconKey":"APP39","iconMeta":null,"iconSrcAppId":"584b626d-4119-4ace-9a7a-6a93f0a184a2","iconType":"PRESET","imagesMeta":[],"lookups":[],"name":"to excel","references":[],"version":"40"}